City,Lat,lng,Max Temp,Humidity,Cloudiness,Wind Speed,Country,Date
busselton,-33.65,115.3333,56.07,68.0,100.0,8.77,AU,1665319489.0
rikitea,-23.1203,-134.9692,71.31,66.0,10.0,17.13,PF,1665319488.0
yellowknife,62.456,-114.3525,41.56,100.0,0.0,8.05,CA,1665319498.0
cape town,-33.9258,18.4232,78.12,53.0,0.0,25.32,ZA,1665319270.0
hasaki,35.7333,140.8333,63.0,83.0,100.0,3.76,JP,1665319532.0
hithadhoo,-0.6,73.0833,81.39,75.0,90.0,13.27,MV,1665319532.0
jamestown,42.097,-79.2353,46.51,64.0,0.0,11.01,US,1665319529.0
puerto ayora,-0.7393,-90.3518,65.55,89.0,99.0,4.0,EC,1665319501.0
ponta do sol,32.6667,-17.1,78.71,65.0,79.0,3.58,PT,1665319529.0
tuktoyaktuk,69.4541,-133.0374,36.14,93.0,100.0,10.63,CA,1665319497.0
arraial do cabo,-22.9661,-42.0278,78.66,73.0,40.0,12.66,BR,1665319491.0
tuatapere,-46.1333,167.6833,54.5,72.0,100.0,9.37,NZ,1665319665.0
keuruu,62.2667,24.7,50.18,66.0,6.0,10.04,FI,1665319665.0
karakol,42.4907,78.3936,51.3,48.0,0.0,3.04,KG,1665319665.0
butaritari,3.0707,172.7902,81.55,76.0,27.0,13.82,KI,1665319491.0
kavieng,-2.5744,150.7967,81.46,68.0,92.0,14.09,PG,1665319666.0
san patricio,28.017,-97.5169,80.46,73.0,77.0,7.16,US,1665319582.0
ushuaia,-54.8,-68.3,49.66,57.0,20.0,27.63,AR,1665319490.0
rio gallegos,-51.6226,-69.2181,55.45,33.0,75.0,33.38,AR,1665319666.0
yulara,-25.2406,130.9889,66.45,21.0,5.0,9.71,AU,1665319515.0
mahebourg,-20.4081,57.7,77.29,57.0,75.0,10.36,MU,1665319517.0
aklavik,68.2191,-135.0107,31.24,96.0,78.0,2.24,CA,1665319667.0
leningradskiy,69.3833,178.4167,15.64,73.0,75.0,14.54,RU,1665319554.0
chicama,-7.8447,-79.1469,55.94,80.0,90.0,5.41,PE,1665319667.0
jijiga,9.35,42.8,75.58,40.0,99.0,12.12,ET,1665319667.0
isangel,-19.55,169.2667,73.51,83.0,30.0,5.75,VU,1665319556.0
mataura,-46.1927,168.8643,46.96,88.0,100.0,3.24,NZ,1665319492.0
bethel,41.3712,-73.414,48.56,81.0,0.0,0.0,US,1665319492.0
makakilo city,21.3469,-158.0858,77.32,77.0,100.0,5.75,US,1665319499.0
burnie,-41.0667,145.9167,46.94,67.0,26.0,9.66,AU,1665319667.0
kichera,55.9375,110.0997,32.67,89.0,100.0,1.21,RU,1665319667.0
esperance,-33.8667,121.9,59.29,80.0,100.0,8.37,AU,1665319498.0
mpraeso,6.5932,-0.7346,83.35,61.0,97.0,3.38,GH,1665319667.0
gijon,43.5357,-5.6615,73.45,84.0,63.0,5.99,ES,1665319668.0
lubango,-14.9172,13.4925,85.03,18.0,92.0,3.31,AO,1665319668.0
kulhudhuffushi,6.6221,73.07,80.78,80.0,48.0,15.52,MV,1665319668.0
hobart,-42.8794,147.3294,46.06,83.0,20.0,5.75,AU,1665319489.0
bredasdorp,-34.5322,20.0403,73.96,51.0,78.0,11.92,ZA,1665319489.0
punta arenas,-53.15,-70.9167,46.51,66.0,40.0,31.07,CL,1665319490.0
ocos,14.5094,-92.1933,77.94,78.0,100.0,5.44,GT,1665319669.0
shama,33.6102,104.2852,37.35,88.0,100.0,2.1,CN,1665319669.0
zhaoyuan,37.3592,120.3964,50.45,63.0,84.0,15.68,CN,1665319669.0
chemal,51.4111,86.005,59.97,40.0,99.0,10.07,RU,1665319669.0
vardo,70.3705,31.1107,44.58,76.0,100.0,19.57,NO,1665319561.0
butare,-2.5967,29.7394,79.48,26.0,100.0,6.22,RW,1665319669.0
glowno,51.9646,19.7157,58.37,54.0,9.0,7.61,PL,1665319669.0
ust-kut,56.7938,105.7672,34.83,81.0,100.0,4.14,RU,1665319669.0
sept-iles,50.2001,-66.3821,41.05,82.0,40.0,3.44,CA,1665319675.0
east london,-33.0153,27.9116,72.54,73.0,20.0,16.11,ZA,1665319299.0
nizwa,22.9333,57.5333,93.99,9.0,0.0,4.07,OM,1665319675.0
college,64.8569,-147.8028,42.08,93.0,100.0,5.75,US,1665319675.0
mandalgovi,45.7625,106.2708,31.64,34.0,6.0,6.64,MN,1665319675.0
enid,36.3956,-97.8784,52.02,78.0,6.0,1.01,US,1665319675.0
saint-philippe,-21.3585,55.7679,74.79,67.0,2.0,12.71,RE,1665319548.0
haines junction,60.7522,-137.5108,46.35,93.0,40.0,5.75,CA,1665319587.0
port alfred,-33.5906,26.891,72.18,79.0,14.0,5.01,ZA,1665319398.0
vestmanna,62.1564,-7.1664,45.52,76.0,75.0,17.27,FO,1665319676.0
nuuk,64.1835,-51.7216,30.81,59.0,75.0,2.3,GL,1665319676.0
fergus falls,46.283,-96.0776,39.27,90.0,40.0,3.44,US,1665319676.0
albany,42.6001,-73.9662,42.73,88.0,100.0,5.08,US,1665319505.0
hermanus,-34.4187,19.2345,75.79,64.0,93.0,14.29,ZA,1665319525.0
lata,40.1629,-8.3327,73.08,47.0,100.0,6.06,PT,1665319516.0
wanning,18.8003,110.3967,78.04,88.0,24.0,14.67,CN,1665319568.0
klaksvik,62.2266,-6.589,47.32,63.0,96.0,28.01,FO,1665319206.0
georgetown,5.4112,100.3354,81.23,81.0,20.0,3.44,MY,1665319403.0
sao joao da barra,-21.6403,-41.0511,77.09,80.0,100.0,10.74,BR,1665319542.0
santo antonio do taua,-1.1519,-48.1294,84.15,56.0,21.0,5.66,BR,1665319677.0
shuangcheng,45.35,126.2833,42.48,90.0,100.0,14.97,CN,1665319461.0
corrente,-3.7367,-43.3394,93.43,40.0,3.0,4.59,BR,1665319677.0
tasiilaq,65.6145,-37.6368,30.36,80.0,100.0,8.05,GL,1665319529.0
naryan-mar,67.6713,53.087,45.75,77.0,97.0,14.07,RU,1665319677.0
noumea,-22.2763,166.4572,78.01,99.0,43.0,11.88,NC,1665319290.0
iberia,29.9502,-91.7507,62.6,67.0,0.0,8.05,US,1665319677.0
longyearbyen,78.2186,15.6401,37.24,87.0,75.0,9.22,SJ,1665319568.0
guerrero negro,27.9769,-114.0611,68.61,91.0,3.0,8.75,MX,1665319508.0
fairbanks,64.8378,-147.7164,42.1,93.0,100.0,5.75,US,1665319546.0
upington,-28.4478,21.2561,97.18,10.0,0.0,8.05,ZA,1665319678.0
barrow,71.2906,-156.7887,19.42,93.0,0.0,8.05,US,1665319519.0
vung tau,10.346,107.0843,80.47,83.0,100.0,10.98,VN,1665319678.0
qaanaaq,77.484,-69.3632,8.87,68.0,97.0,11.79,GL,1665319491.0
puquio,-14.7,-74.1333,58.37,21.0,2.0,3.27,PE,1665319678.0
kodiak,57.79,-152.4072,45.91,66.0,0.0,16.11,US,1665319552.0
ballarat,-37.5662,143.8496,36.48,96.0,19.0,0.78,AU,1665319678.0
hovd,48.0056,91.6419,38.05,37.0,18.0,1.03,MN,1665319678.0
riyadh,24.6877,46.7219,96.94,8.0,0.0,4.74,SA,1665319556.0
ossora,59.2353,163.0719,33.48,68.0,54.0,6.98,RU,1665319679.0
kelvington,52.1667,-103.5343,42.28,87.0,100.0,5.79,CA,1665319679.0
new norfolk,-42.7826,147.0587,45.72,94.0,35.0,3.04,AU,1665319531.0
atuona,-9.8,-139.0333,76.05,75.0,82.0,17.18,PF,1665319532.0
totness,5.8833,-56.3167,82.92,76.0,82.0,10.8,SR,1665319679.0
kysyl-syr,63.8986,122.7617,31.28,99.0,100.0,4.45,RU,1665319680.0
cherskiy,68.75,161.3,22.44,91.0,100.0,19.69,RU,1665319222.0
namatanai,-3.6667,152.4333,78.64,69.0,98.0,8.66,PG,1665319680.0
muisne,0.6,-80.0333,73.89,80.0,100.0,8.97,EC,1665319680.0
pacific grove,36.6177,-121.9166,56.88,94.0,100.0,7.0,US,1665319685.0
igarka,67.4667,86.5833,36.91,98.0,100.0,8.59,RU,1665319687.0
clarence town,-32.5833,151.7833,58.86,91.0,89.0,1.12,AU,1665319687.0
mahanje,-9.9333,35.3333,88.0,18.0,8.0,9.15,TZ,1665319688.0
ahipara,-35.1667,173.1667,54.18,86.0,6.0,8.39,NZ,1665319500.0
chuy,-33.6971,-53.4616,53.98,51.0,5.0,13.58,UY,1665319542.0
kalispell,48.1958,-114.3129,46.67,94.0,0.0,0.0,US,1665319688.0
kapaa,22.0752,-159.319,73.38,83.0,0.0,9.22,US,1665319498.0
khatanga,71.9667,102.5,4.42,97.0,86.0,2.91,RU,1665319522.0
saint george,37.1041,-113.5841,64.99,42.0,0.0,8.05,US,1665319555.0
peyima,8.7,-11.0333,72.73,97.0,100.0,0.89,SL,1665319688.0
faanui,-16.4833,-151.75,78.3,75.0,20.0,19.53,PF,1665319518.0
egvekinot,66.3167,-179.1667,12.56,68.0,8.0,6.22,RU,1665319606.0
havelock,34.8791,-76.9013,59.95,87.0,0.0,6.69,US,1665319689.0
teahupoo,-17.8333,-149.2667,67.96,77.0,16.0,14.2,PF,1665319690.0
najran,17.4924,44.1277,88.45,14.0,7.0,13.4,SA,1665319690.0
port elizabeth,-33.918,25.5701,75.09,68.0,40.0,11.5,ZA,1665319584.0
hualmay,-11.0964,-77.6139,62.2,82.0,40.0,8.32,PE,1665319690.0
vaini,-21.2,-175.2,75.36,88.0,75.0,11.5,TO,1665319487.0
komsomolskiy,40.4272,71.7189,72.32,28.0,8.0,4.61,UZ,1665319690.0
alakurtti,66.9672,30.3491,43.38,71.0,20.0,11.39,RU,1665319691.0
vangaindrano,-23.35,47.6,77.34,56.0,0.0,12.26,MG,1665319691.0
fort nelson,58.8053,-122.7002,44.19,65.0,40.0,5.75,CA,1665319691.0
cidreira,-30.1811,-50.2056,58.64,68.0,84.0,14.41,BR,1665319691.0
beringovskiy,63.05,179.3167,29.95,51.0,6.0,4.99,RU,1665319458.0
vila franca do campo,37.7167,-25.4333,77.2,76.0,29.0,8.1,PT,1665319691.0
mehamn,71.0357,27.8492,44.51,93.0,100.0,19.57,NO,1665319692.0
basoko,1.2391,23.616,80.85,67.0,78.0,1.7,CD,1665319692.0
kibala,9.1104,18.3463,70.86,91.0,100.0,6.69,TD,1665319692.0
richards bay,-28.783,32.0377,77.99,69.0,5.0,16.6,ZA,1665319584.0
avarua,-21.2078,-159.775,73.45,73.0,75.0,13.8,CK,1665319521.0
nautla,20.2167,-96.7833,71.42,95.0,100.0,13.4,MX,1665319692.0
trat,12.5,102.5,82.87,92.0,100.0,1.95,TH,1665319693.0
platanos,37.6667,21.6167,81.57,45.0,29.0,8.93,GR,1665319693.0
luderitz,-26.6481,15.1594,70.0,60.0,8.0,12.95,NA,1665319693.0
grindavik,63.8424,-22.4338,39.67,70.0,75.0,37.98,IS,1665319693.0
talnakh,69.4865,88.3972,34.21,97.0,99.0,6.4,RU,1665319542.0
fort walton beach,30.4058,-86.6188,62.62,55.0,0.0,9.22,US,1665319693.0
yeppoon,-23.1333,150.7333,71.38,85.0,100.0,8.99,AU,1665319693.0
sukabumi,-6.9181,106.9267,71.73,96.0,100.0,2.62,ID,1665319693.0
sarh,9.1429,18.3923,70.5,91.0,100.0,6.11,TD,1665319694.0
chokurdakh,70.6333,147.9167,20.84,92.0,100.0,13.87,RU,1665319554.0
tonala,20.6167,-103.2333,58.32,100.0,0.0,3.44,MX,1665319694.0
tromso,69.6496,18.957,42.82,81.0,75.0,17.27,NO,1665319694.0
babayurt,43.6002,46.7789,68.99,62.0,100.0,26.24,RU,1665319694.0
bundaberg,-24.85,152.35,69.22,93.0,100.0,1.99,AU,1665319573.0
japura,-0.3167,102.35,73.35,87.0,100.0,2.1,ID,1665319695.0
arari,-3.4536,-44.78,92.08,46.0,62.0,6.58,BR,1665319700.0
merauke,-8.4667,140.3333,79.56,85.0,100.0,11.74,ID,1665319535.0
novyye burasy,52.1324,46.0714,57.78,51.0,8.0,8.39,RU,1665319700.0
murwillumbah,-28.3167,153.4,66.13,88.0,100.0,12.66,AU,1665319700.0
ilulissat,69.2167,-51.1,28.42,59.0,75.0,4.61,GL,1665319499.0
sidi ali,36.0998,0.4206,77.77,48.0,10.0,3.74,DZ,1665319701.0
hilo,19.7297,-155.09,84.27,94.0,0.0,4.0,US,1665319490.0
kaitangata,-46.2817,169.8464,46.63,86.0,23.0,4.47,NZ,1665319589.0
thompson,55.7435,-97.8558,28.56,93.0,75.0,2.3,CA,1665319489.0
cabedelo,-6.9811,-34.8339,84.87,73.0,100.0,16.28,BR,1665319701.0
brae,60.3964,-1.353,52.7,83.0,100.0,33.33,GB,1665319701.0
bubaque,11.2833,-15.8333,79.07,76.0,27.0,3.4,GW,1665319701.0
severo-kurilsk,50.6789,156.125,41.99,64.0,25.0,12.33,RU,1665319535.0
bluff,-46.6,168.3333,56.3,63.0,100.0,15.26,NZ,1665319515.0
itarema,-2.9248,-39.9167,87.66,56.0,52.0,17.78,BR,1665319702.0
dhidhdhoo,6.8833,73.1,81.5,76.0,1.0,14.25,MV,1665319702.0
olafsvik,64.8945,-23.7142,38.75,66.0,87.0,22.59,IS,1665319702.0
naze,28.3667,129.4833,76.12,70.0,100.0,11.83,JP,1665319702.0
bengkulu,-3.8004,102.2655,75.2,91.0,100.0,5.68,ID,1665319544.0
taksimo,56.3444,114.8794,32.2,72.0,100.0,0.58,RU,1665319702.0
lavrentiya,65.5833,-171.0,28.78,62.0,20.0,9.35,RU,1665319558.0
kargil,34.5667,76.1,54.23,18.0,20.0,2.17,IN,1665319702.0
neiafu,-18.65,-173.9833,75.88,88.0,75.0,11.5,TO,1665319558.0
mount gambier,-37.8333,140.7667,42.28,93.0,65.0,3.42,AU,1665319522.0
poum,-20.2333,164.0167,76.37,78.0,100.0,17.87,NC,1665319703.0
plettenberg bay,-34.0527,23.3716,67.73,65.0,75.0,7.87,ZA,1665319546.0
chatrapur,19.35,84.9833,80.64,82.0,100.0,2.33,IN,1665319703.0
masindi,1.6744,31.715,72.88,70.0,100.0,4.25,UG,1665319703.0
bonavista,48.6499,-53.1147,51.12,77.0,43.0,10.51,CA,1665319703.0
tabuk,17.4189,121.4443,73.36,90.0,8.0,5.14,PH,1665319703.0
galveston,29.3669,-94.9669,75.16,79.0,0.0,12.66,US,1665319704.0
galesong,-5.3166,119.3661,78.82,77.0,81.0,6.64,ID,1665319704.0
upernavik,72.7868,-56.1549,17.83,83.0,98.0,5.44,GL,1665319543.0
airai,-8.9266,125.4092,63.09,91.0,62.0,2.39,TL,1665319587.0
ileza,61.0533,43.9002,48.54,95.0,100.0,6.46,RU,1665319704.0
port-gentil,-0.7193,8.7815,85.96,66.0,20.0,12.66,GA,1665319704.0
san buenaventura,27.0833,-101.5333,66.47,69.0,4.0,0.49,MX,1665319705.0
curvelo,-18.7564,-44.4308,74.48,67.0,100.0,5.73,BR,1665319705.0
santa cruz,-17.8,-63.1667,74.66,35.0,75.0,14.97,BO,1665319598.0
chernoyerkovskaya,45.4331,37.7686,68.36,65.0,100.0,4.83,RU,1665319705.0
kainantu,-6.2887,145.8655,59.61,86.0,96.0,1.21,PG,1665319706.0
esso,55.9333,158.7,22.33,93.0,100.0,3.76,RU,1665319706.0
le port,-20.9373,55.2919,76.96,55.0,19.0,8.77,RE,1665319706.0
ostrovnoy,68.0531,39.5131,43.7,83.0,100.0,15.03,RU,1665319557.0
hammerfest,70.6634,23.6821,43.25,87.0,75.0,25.32,NO,1665319707.0
sayyan,15.1718,44.3244,70.9,14.0,28.0,14.9,YE,1665319707.0
tiksi,71.6872,128.8694,12.72,95.0,99.0,8.12,RU,1665319544.0
kikwit,-5.041,18.8162,85.93,55.0,100.0,2.57,CD,1665319712.0
kodinsk,58.6881,99.1844,38.57,88.0,39.0,3.33,RU,1665319712.0
acapulco,16.8634,-99.8901,78.62,83.0,40.0,3.44,MX,1665319712.0
san carlos,9.6612,-68.5827,74.48,96.0,100.0,1.1,VE,1665319712.0
vredendal,-31.6683,18.5012,86.77,23.0,89.0,15.23,ZA,1665319712.0
tual,-5.6667,132.75,83.84,78.0,100.0,16.91,ID,1665319548.0
quatre cocos,-20.2078,57.7625,77.11,62.0,33.0,13.47,MU,1665319713.0
dubbo,-32.25,148.6167,48.33,71.0,6.0,8.05,AU,1665319713.0
masunga,-20.6246,27.4488,94.3,7.0,0.0,14.32,BW,1665319714.0
broome,42.2506,-75.833,44.65,84.0,0.0,9.22,US,1665319714.0
zamora,-4.0692,-78.9567,71.8,84.0,100.0,1.86,EC,1665319714.0
hamilton,39.1834,-84.5333,43.77,87.0,0.0,1.01,US,1665319715.0
saint anthony,45.0205,-93.218,44.22,79.0,0.0,4.61,US,1665319516.0
baruun-urt,46.6806,113.2792,28.51,46.0,0.0,2.15,MN,1665319715.0
ancud,-41.8697,-73.8203,46.06,68.0,6.0,4.68,CL,1665319570.0
goderich,43.7501,-81.7165,53.91,71.0,9.0,10.36,CA,1665319716.0
pangnirtung,66.1451,-65.7125,25.45,61.0,73.0,4.59,CA,1665319523.0
lang son,21.8333,106.7333,64.45,80.0,100.0,13.42,VN,1665319716.0
faya,18.3851,42.4509,78.91,24.0,32.0,5.41,SA,1665319716.0
yazd,31.8972,54.3675,80.71,9.0,0.0,11.5,IR,1665319716.0
comarapa,-17.9,-64.4833,59.36,77.0,85.0,3.44,BO,1665319717.0
mocuba,-16.8392,36.9856,98.19,20.0,0.0,7.94,MZ,1665319583.0
ishinomaki,38.4167,141.3,59.0,90.0,100.0,19.1,JP,1665319434.0
assiniboia,49.6334,-105.9845,39.02,65.0,100.0,6.91,CA,1665319717.0
singaraja,-8.112,115.0882,81.12,85.0,99.0,3.67,ID,1665319717.0
bukama,-9.2,25.85,100.87,8.0,0.0,4.63,CD,1665319505.0
shahreza,32.0339,51.8794,74.89,14.0,0.0,12.95,IR,1665319717.0
marsabit,2.3284,37.9899,80.71,29.0,6.0,20.96,KE,1665319658.0
solnechnyy,50.7214,136.6319,33.69,87.0,3.0,4.12,RU,1665319718.0
alofi,-19.0595,-169.9187,71.49,94.0,100.0,11.5,NU,1665319718.0
priekule,56.4468,21.5897,54.72,53.0,4.0,10.78,LV,1665319718.0
haapiti,-17.5667,-149.8667,73.13,71.0,6.0,13.6,PF,1665319718.0
avera,33.194,-82.5271,59.05,71.0,100.0,8.21,US,1665319719.0
bugarama,-2.8706,30.5281,76.6,40.0,100.0,7.18,TZ,1665319719.0
bontang,0.1333,117.5,76.12,91.0,100.0,6.2,ID,1665319488.0
bamiantong,44.9333,130.5333,45.77,79.0,100.0,6.38,CN,1665319719.0
russell,32.3502,-85.1999,50.2,44.0,96.0,7.0,US,1665319720.0
malakal,9.5334,31.6605,77.52,76.0,91.0,1.28,SS,1665319720.0
christchurch,-43.5333,172.6333,48.94,70.0,3.0,1.14,NZ,1665319720.0
east moline,41.5009,-90.4443,42.37,77.0,0.0,5.75,US,1665319720.0
constitucion,-35.3333,-72.4167,52.63,47.0,0.0,10.71,CL,1665319500.0
bull savanna,17.8868,-77.5902,78.75,74.0,100.0,7.76,JM,1665319726.0
tianpeng,30.9866,103.9393,63.72,54.0,100.0,2.66,CN,1665319726.0
maryborough,-25.5333,152.7,70.11,96.0,100.0,4.47,AU,1665319726.0
mar del plata,-38.0023,-57.5575,56.08,75.0,40.0,8.05,AR,1665319492.0
torbay,47.6666,-52.7314,59.4,88.0,75.0,13.8,CA,1665319498.0
tucurui,-3.7661,-49.6725,92.66,46.0,9.0,6.31,BR,1665319726.0
qinzhou,21.95,108.6167,69.64,66.0,30.0,18.37,CN,1665319727.0
kahului,20.8947,-156.47,75.85,78.0,0.0,1.99,US,1665319575.0
lebu,-37.6167,-73.65,49.41,62.0,0.0,21.83,CL,1665319488.0
vila,42.0304,-8.1588,56.28,46.0,100.0,6.46,PT,1665319727.0
bahir dar,11.5936,37.3908,68.18,76.0,70.0,7.9,ET,1665319563.0
fortuna,40.5982,-124.1573,52.93,85.0,42.0,2.01,US,1665319501.0
cheney,47.4874,-117.5758,51.19,81.0,0.0,3.44,US,1665319728.0
srednekolymsk,67.45,153.6833,19.6,72.0,100.0,12.3,RU,1665319489.0
oranjestad,12.524,-70.027,81.91,88.0,40.0,11.5,AW,1665319728.0
kavaratti,10.5669,72.642,82.08,75.0,100.0,9.1,IN,1665319728.0
asau,46.4333,26.4,65.32,72.0,100.0,7.63,RO,1665319728.0
ust-tsilma,65.441,52.1498,46.98,86.0,26.0,7.38,RU,1665319728.0
harper,4.375,-7.7169,80.78,79.0,33.0,5.53,LR,1665319487.0
moroeni,45.2167,25.4333,71.56,40.0,75.0,0.63,RO,1665319728.0
halifax,44.6453,-63.5724,50.22,84.0,1.0,8.05,CA,1665319590.0
kununurra,-15.7667,128.7333,82.38,65.0,100.0,6.91,AU,1665319529.0
antalaha,-14.9003,50.2788,75.63,61.0,3.0,12.82,MG,1665319729.0
haukipudas,65.1765,25.3523,48.25,75.0,6.0,16.53,FI,1665319729.0
narsaq,60.9167,-46.05,30.42,61.0,100.0,8.16,GL,1665319534.0
bage,-31.3314,-54.1069,49.78,66.0,20.0,9.22,BR,1665319729.0
santiago,-33.4569,-70.6483,67.98,39.0,0.0,0.0,CL,1665319606.0
maldonado,-34.6667,-54.9167,52.23,49.0,79.0,17.07,UY,1665319589.0
ponta delgada,37.7333,-25.6667,77.5,83.0,20.0,14.97,PT,1665319730.0
morondava,-20.2833,44.2833,81.3,71.0,0.0,13.76,MG,1665319730.0
vrangel,42.7297,133.0839,53.96,70.0,100.0,18.59,RU,1665319730.0
geraldton,-28.7667,114.6,63.01,72.0,40.0,9.22,AU,1665319534.0
manta,-0.95,-80.7333,69.58,94.0,75.0,3.44,EC,1665319730.0
milkovo,54.7167,158.6167,31.05,75.0,42.0,6.62,RU,1665319686.0
castro,-24.7911,-50.0119,71.38,55.0,0.0,4.09,BR,1665319545.0
ornskoldsvik,63.2909,18.7153,49.15,66.0,0.0,11.5,SE,1665319731.0
stargard szczecinski,53.3367,15.0499,63.34,48.0,27.0,5.86,PL,1665319731.0
sombrio,-29.1139,-49.6167,65.93,73.0,98.0,11.32,BR,1665319731.0
anadyr,64.75,177.4833,18.1,86.0,0.0,2.24,RU,1665319732.0
san cristobal,7.7669,-72.225,66.38,67.0,100.0,1.68,VE,1665319732.0
sao filipe,14.8961,-24.4956,78.35,76.0,22.0,5.64,CV,1665319561.0
atagay,55.1033,99.3875,36.9,78.0,76.0,4.27,RU,1665319732.0
moletai,55.2333,25.4167,54.9,60.0,76.0,9.4,LT,1665319495.0
lufilufi,-13.8745,-171.5986,76.78,72.0,81.0,12.59,WS,1665319732.0
villaviciosa,43.4813,-5.4357,73.62,85.0,21.0,6.98,ES,1665319733.0
somerset,40.5668,-74.5496,50.11,86.0,0.0,6.98,US,1665319652.0
paamiut,61.994,-49.6678,33.91,55.0,100.0,11.72,GL,1665319733.0
tanout,14.9709,8.8879,95.97,13.0,80.0,12.73,NE,1665319738.0
yerbogachen,61.2767,108.0108,34.75,96.0,100.0,11.74,RU,1665319738.0
sambava,-14.2667,50.1667,75.29,67.0,13.0,15.01,MG,1665319738.0
acarau,-2.8856,-40.12,87.73,56.0,9.0,18.16,BR,1665319738.0
moorhead,46.8739,-96.7676,43.99,83.0,20.0,5.75,US,1665319739.0
riberalta,-10.9833,-66.1,90.43,46.0,13.0,2.33,BO,1665319739.0
dikson,73.5069,80.5464,32.31,91.0,100.0,17.78,RU,1665319535.0
westport,41.1415,-73.3579,50.56,76.0,0.0,5.01,US,1665319739.0
cam ranh,11.9214,109.1591,82.36,78.0,20.0,8.05,VN,1665319739.0
boende,-0.2167,20.8667,90.79,46.0,99.0,0.11,CD,1665319739.0
mezhdurechenskiy,59.6,65.9333,45.61,86.0,42.0,5.86,RU,1665319740.0
san carlos de bariloche,-41.1456,-71.3082,41.95,47.0,1.0,4.63,AR,1665319570.0
chor,25.5167,69.7667,96.53,18.0,0.0,8.3,PK,1665319740.0
monrovia,6.3005,-10.7969,87.57,76.0,33.0,7.16,LR,1665319526.0
tiznit,29.5833,-9.5,83.82,35.0,0.0,7.72,MA,1665319741.0
la libertad,-2.2333,-80.9,67.66,88.0,100.0,8.05,EC,1665319741.0
saskylakh,71.9167,114.0833,-1.8,100.0,68.0,4.25,RU,1665319521.0
takaungu,-3.6837,39.8566,82.89,64.0,62.0,17.4,KE,1665319741.0
carnarvon,-24.8667,113.6333,67.01,69.0,93.0,21.54,AU,1665319556.0
salinopolis,-0.6136,-47.3561,85.17,69.0,44.0,12.95,BR,1665319741.0
smolenka,52.1352,113.4974,26.67,63.0,96.0,0.0,RU,1665319741.0
cayenne,4.9333,-52.3333,86.04,70.0,40.0,8.05,GF,1665319548.0
aykhal,66.0,111.5,28.74,98.0,100.0,4.79,RU,1665319396.0
kargat,55.1956,80.2811,44.04,88.0,100.0,13.98,RU,1665319741.0
alice springs,-23.7,133.8833,56.75,24.0,0.0,4.61,AU,1665319571.0
sitka,57.0531,-135.33,60.69,82.0,100.0,12.66,US,1665319742.0
kvarkeno,52.0833,59.725,52.61,54.0,88.0,7.18,RU,1665319742.0
sioux lookout,50.1001,-91.917,26.67,100.0,20.0,5.75,CA,1665319571.0
norman wells,65.282,-126.8329,41.04,81.0,75.0,6.91,CA,1665319587.0
victoria,22.2855,114.1577,83.32,61.0,19.0,17.0,HK,1665319490.0
mitzic,0.7821,11.549,85.53,48.0,89.0,2.84,GA,1665319516.0
cozumel,20.5083,-86.9458,79.0,81.0,88.0,8.99,MX,1665319742.0
cabo san lucas,22.8909,-109.9124,72.61,69.0,0.0,5.59,MX,1665319520.0
medicine hat,50.0501,-110.6683,43.79,81.0,40.0,3.44,CA,1665319742.0
aberystwyth,52.4155,-4.0829,60.89,75.0,100.0,19.01,GB,1665319743.0
san andres,12.5847,-81.7006,81.66,80.0,100.0,18.3,CO,1665319743.0
nishihara,26.1842,127.7558,78.85,75.0,40.0,18.41,JP,1665319743.0
saldanha,-33.0117,17.9442,80.65,72.0,11.0,21.12,ZA,1665319743.0
clyde river,70.4692,-68.5914,16.03,86.0,100.0,4.61,CA,1665319544.0
buraydah,26.326,43.975,100.85,6.0,0.0,6.85,SA,1665319466.0
uray,60.1247,64.7758,46.99,84.0,80.0,8.23,RU,1665319744.0
maputo,-25.9653,32.5892,94.68,43.0,0.0,13.8,MZ,1665319744.0
tucuman,-26.8241,-65.2226,57.2,28.0,0.0,4.61,AR,1665319744.0
biak,-0.9131,122.8766,77.95,84.0,100.0,4.7,ID,1665319744.0
hobyo,5.3505,48.5268,80.71,71.0,58.0,23.53,SO,1665319531.0
ribeira grande,38.5167,-28.7,75.78,83.0,40.0,14.97,PT,1665319530.0
honiara,-9.4333,159.95,77.92,86.0,74.0,3.87,SB,1665319749.0
kamaishi,39.2667,141.8833,61.93,90.0,100.0,12.33,JP,1665319750.0
canatlan,24.5167,-104.7833,51.03,92.0,0.0,2.75,MX,1665319750.0
vostok,46.4856,135.8833,39.15,73.0,100.0,4.56,RU,1665319750.0
sumbe,-11.2061,13.8437,78.21,74.0,9.0,12.37,AO,1665319751.0
alyangula,-13.8483,136.4192,79.57,80.0,97.0,9.35,AU,1665319751.0
auckland,-36.8667,174.7667,57.78,68.0,100.0,8.05,NZ,1665319502.0
mayo,38.8876,-76.5119,53.19,79.0,0.0,1.01,US,1665319751.0
ternate,0.8,127.4,82.53,75.0,99.0,3.09,ID,1665319752.0
turnov,50.5836,15.1519,63.46,66.0,4.0,4.0,CZ,1665319525.0
ayagoz,47.9714,80.4392,50.47,32.0,1.0,9.26,KZ,1665319630.0
sakakah,29.9697,40.2064,94.57,19.0,0.0,7.16,SA,1665319752.0
jacksonville,30.3322,-81.6556,75.2,82.0,20.0,6.91,US,1665319525.0
port hardy,50.6996,-127.4199,50.18,100.0,100.0,3.44,CA,1665319488.0
alihe,50.5667,123.7167,28.85,59.0,0.0,0.78,CN,1665319752.0
san quintin,30.4833,-115.95,67.14,92.0,10.0,6.87,MX,1665319752.0
saint-gabriel,46.3001,-73.3824,46.08,89.0,100.0,9.08,CA,1665319752.0
fare,-16.7,-151.0167,78.06,75.0,10.0,19.77,PF,1665319753.0
gravdal,68.1214,13.5031,46.29,66.0,75.0,9.22,NO,1665319753.0
kloulklubed,7.0419,134.2556,77.5,62.0,100.0,5.79,PW,1665319753.0
spornoye,50.8448,37.2913,62.28,55.0,52.0,8.39,RU,1665319753.0
roma,43.2128,-75.4557,48.81,82.0,88.0,6.29,US,1665319753.0
palu,-0.8917,119.8707,76.73,98.0,100.0,0.51,ID,1665319753.0
chadan,51.2833,91.5833,38.41,44.0,6.0,6.29,RU,1665319754.0
ariquemes,-9.9133,-63.0408,90.36,47.0,17.0,2.42,BR,1665319754.0
labuhan,-6.8844,112.2051,81.93,78.0,100.0,4.52,ID,1665319754.0
baghdad,33.3406,44.4009,102.11,13.0,0.0,9.22,IQ,1665319705.0
imbituba,-28.24,-48.6703,66.85,80.0,100.0,13.71,BR,1665319754.0
agadez,19.75,10.25,91.89,14.0,0.0,10.76,NE,1665319755.0
sidmouth,50.6909,-3.2397,63.05,69.0,40.0,18.41,GB,1665319755.0
batagay-alyta,67.8006,130.4114,17.92,84.0,100.0,3.83,RU,1665319755.0
zilair,52.2332,57.4392,48.54,67.0,24.0,5.99,RU,1665319590.0
forrest city,35.0081,-90.7898,52.92,35.0,6.0,2.64,US,1665319755.0
akdagmadeni,39.6603,35.8836,57.65,50.0,100.0,9.48,TR,1665319755.0
baindur,13.8667,74.6333,79.12,84.0,96.0,5.73,IN,1665319755.0
kedrovyy,56.1667,91.8167,57.61,58.0,54.0,7.67,RU,1665319756.0
hay river,60.8156,-115.7999,39.18,87.0,75.0,5.75,CA,1665319567.0
soyo,-6.1349,12.3689,80.47,75.0,95.0,11.12,AO,1665319756.0
havre-saint-pierre,50.2334,-63.5986,43.16,75.0,100.0,12.66,CA,1665319756.0
peace river,56.2501,-117.286,35.91,100.0,20.0,5.75,CA,1665319561.0
taiyuan,37.8694,112.5603,40.86,38.0,0.0,4.47,CN,1665319756.0
heishan,41.6892,122.1128,38.28,72.0,100.0,21.34,CN,1665319756.0
provideniya,64.3833,-173.3,31.21,65.0,97.0,15.39,RU,1665319542.0
mount isa,-20.7333,139.5,73.17,21.0,0.0,11.5,AU,1665319534.0
nikolskoye,59.7035,30.7861,53.49,62.0,0.0,9.86,RU,1665319533.0
varhaug,58.6147,5.6457,56.48,83.0,100.0,21.14,NO,1665319756.0
havre,49.5833,0.3333,63.34,48.0,0.0,11.5,FR,1665319762.0
belozerskoye,55.8214,65.5842,50.9,67.0,96.0,10.04,RU,1665319762.0
matay,28.419,30.7792,84.96,28.0,0.0,15.28,EG,1665319627.0
yar-sale,66.8333,70.8333,41.52,86.0,100.0,13.85,RU,1665319517.0
volterra,43.4003,10.86,73.42,44.0,91.0,3.65,IT,1665319762.0
tautira,-17.7333,-149.15,76.42,79.0,18.0,13.53,PF,1665319762.0
hambantota,6.1241,81.1185,79.14,94.0,75.0,9.22,LK,1665319487.0
itaituba,-4.2761,-55.9836,84.36,74.0,17.0,0.0,BR,1665319502.0
pisco,-13.7,-76.2167,61.02,82.0,100.0,5.75,PE,1665319763.0
kapit,2.0167,112.9333,72.05,100.0,100.0,1.36,MY,1665319763.0
langgons,50.5,8.6667,63.28,55.0,5.0,4.0,DE,1665319763.0
winnipeg,49.8844,-97.147,42.03,93.0,0.0,6.91,CA,1665319764.0
bilibino,68.0546,166.4372,14.65,96.0,100.0,7.85,RU,1665319764.0
pilar,-9.5972,-35.9567,82.33,53.0,36.0,11.77,BR,1665319595.0
anloga,5.7947,0.8973,81.54,76.0,97.0,9.04,GH,1665319764.0
kenai,60.5544,-151.2583,46.49,98.0,100.0,8.05,US,1665319764.0
mingrelskaya,45.0134,38.3379,66.22,67.0,100.0,0.92,RU,1665319764.0
sisimiut,66.9395,-53.6735,27.37,74.0,100.0,9.86,GL,1665319532.0
malmesbury,-33.4608,18.7271,75.78,26.0,81.0,12.12,ZA,1665319764.0
shingu,33.7333,135.9833,68.18,95.0,100.0,11.61,JP,1665319764.0
batticaloa,7.7102,81.6924,81.25,76.0,89.0,8.05,LK,1665319765.0
kathmandu,27.7167,85.3167,73.62,73.0,75.0,9.22,NP,1665319765.0
potrerillos arriba,8.6833,-82.5,66.72,99.0,100.0,8.48,PA,1665319765.0
topeka,39.0483,-95.678,48.58,83.0,0.0,4.61,US,1665319766.0
ayan,56.45,138.1667,33.53,59.0,10.0,8.72,RU,1665319766.0
oranjemund,-28.55,16.4333,66.85,65.0,17.0,19.64,NA,1665319766.0
hibbing,47.4272,-92.9377,38.55,100.0,100.0,0.0,US,1665319766.0
mishan,45.55,131.8833,47.21,70.0,100.0,2.46,CN,1665319767.0
skibotn,69.3913,20.2679,39.54,100.0,100.0,5.59,NO,1665319767.0
henties bay,-22.116,14.2845,65.64,76.0,9.0,11.43,NA,1665319535.0
te anau,-45.4167,167.7167,49.41,87.0,100.0,5.12,NZ,1665319767.0
sampit,-2.5333,112.95,73.53,99.0,100.0,2.01,ID,1665319768.0
tateyama,34.9833,139.8667,63.1,84.0,100.0,18.25,JP,1665319768.0
slave lake,55.2834,-114.769,39.18,93.0,0.0,2.3,CA,1665319768.0
lagoa,39.05,-27.9833,70.56,93.0,16.0,14.25,PT,1665319489.0
aripuana,-9.1667,-60.6333,91.87,45.0,90.0,2.37,BR,1665319769.0
chapais,49.7834,-74.8492,31.78,92.0,97.0,8.55,CA,1665319507.0
puerto montt,-41.4698,-72.9447,45.43,81.0,40.0,5.75,CL,1665319662.0
iqaluit,63.7506,-68.5145,24.53,73.0,40.0,15.01,CA,1665319531.0
dunedin,-45.8742,170.5036,49.71,78.0,100.0,5.91,NZ,1665319769.0
jalu,29.0331,21.5482,81.16,31.0,0.0,8.9,LY,1665319769.0
figeac,44.75,1.9167,70.77,44.0,5.0,3.33,FR,1665319769.0
vestmannaeyjar,63.4427,-20.2734,38.39,87.0,75.0,26.46,IS,1665319589.0
sangar,63.9242,127.4739,26.96,94.0,99.0,9.55,RU,1665319612.0
miles city,46.4083,-105.8406,41.97,93.0,0.0,8.05,US,1665319774.0
ivanivka,46.7208,34.553,67.91,54.0,100.0,5.82,UA,1665319775.0
caravelas,-17.7125,-39.2481,79.43,64.0,100.0,7.56,BR,1665319775.0
kudahuvadhoo,2.6708,72.8944,81.91,76.0,14.0,14.79,MV,1665319775.0
norfolk,42.1668,-71.2495,48.45,81.0,0.0,4.61,US,1665319775.0
puerto leguizamo,-0.1934,-74.7819,74.95,88.0,71.0,0.36,CO,1665319558.0
meulaboh,4.1363,96.1285,79.21,80.0,92.0,4.18,ID,1665319775.0
nome,64.5011,-165.4064,32.07,74.0,100.0,10.36,US,1665319775.0
pangkalanbuun,-2.6833,111.6167,73.56,99.0,100.0,0.67,ID,1665319776.0
cherepovets,59.1333,37.9,49.82,93.0,75.0,4.47,RU,1665319540.0
worland,44.0169,-107.9554,40.35,86.0,0.0,0.0,US,1665319776.0
dejen,10.1667,38.1333,66.4,54.0,2.0,2.51,ET,1665319776.0
svetlyy,54.675,20.1347,57.25,64.0,2.0,13.09,RU,1665319777.0
turiacu,-1.6633,-45.3717,84.25,64.0,100.0,8.05,BR,1665319777.0
tezu,27.9167,96.1667,73.56,92.0,85.0,3.11,IN,1665319777.0
barra do corda,-5.5,-45.25,91.81,48.0,8.0,5.59,BR,1665319777.0
hofn,64.2539,-15.2082,42.44,54.0,74.0,14.83,IS,1665319778.0
pevek,69.7008,170.3133,25.83,74.0,100.0,26.87,RU,1665319558.0
yarim,14.298,44.3779,67.71,22.0,38.0,6.02,YE,1665319778.0
sonneberg,50.35,11.1667,61.56,51.0,7.0,3.0,DE,1665319532.0
tazovskiy,67.4667,78.7,39.34,92.0,100.0,9.57,RU,1665319778.0
rosarito,32.3333,-117.0333,65.37,86.0,3.0,5.21,MX,1665319778.0
ponnani,10.767,75.9252,79.92,83.0,100.0,6.08,IN,1665319778.0
henderson,36.0397,-114.9819,73.24,40.0,0.0,5.75,US,1665319779.0
channel-port aux basques,47.5702,-59.1367,50.02,66.0,68.0,12.24,CA,1665319779.0
vila velha,-20.3297,-40.2925,80.55,78.0,20.0,11.5,BR,1665319573.0
flinders,-34.5833,150.8552,53.19,85.0,85.0,5.99,AU,1665319544.0
port hedland,-20.3167,118.5667,71.65,78.0,56.0,8.05,AU,1665319500.0
linxia,35.6003,103.2064,44.19,46.0,100.0,2.44,CN,1665319779.0
beaufort,5.3473,115.7455,74.95,96.0,100.0,2.77,MY,1665319779.0
biltine,14.5333,20.9167,97.88,15.0,71.0,8.34,TD,1665319779.0
mugur-aksy,50.35,90.5,35.2,44.0,11.0,5.28,RU,1665319780.0
puri,19.8,85.85,79.32,78.0,100.0,8.59,IN,1665319780.0
arlit,18.7369,7.3853,96.76,10.0,1.0,3.76,NE,1665319523.0
teya,60.3778,92.6267,37.92,94.0,26.0,0.94,RU,1665319521.0
tsumeb,-19.2333,17.7167,94.95,7.0,0.0,12.62,NA,1665319780.0
taitung,22.7583,121.1444,75.47,100.0,75.0,4.61,TW,1665319780.0
belint,45.755,21.7603,70.75,49.0,87.0,7.23,RO,1665319781.0
khorixas,-20.3667,14.9667,99.01,6.0,0.0,14.65,NA,1665319781.0
ciudad bolivar,8.1222,-63.5497,81.48,73.0,100.0,10.33,VE,1665319781.0
hervey bay,-25.2986,152.8535,70.02,92.0,100.0,7.0,AU,1665319781.0
morgan city,29.6994,-91.2068,60.03,94.0,0.0,3.44,US,1665319781.0
katobu,-4.9408,122.5276,77.18,88.0,100.0,4.32,ID,1665319782.0
mananjary,-21.2167,48.3333,76.6,53.0,0.0,9.55,MG,1665319782.0
gazanjyk,39.2446,55.5154,79.23,14.0,0.0,19.28,TM,1665319782.0
kaihua,23.3687,104.28,53.08,92.0,100.0,9.55,CN,1665319782.0
saint-gaudens,43.0833,0.6667,71.02,40.0,13.0,4.97,FR,1665319675.0
vagay,57.9375,69.0217,44.94,69.0,12.0,5.03,RU,1665319787.0
krasnoarmeysk,51.0239,45.6969,60.44,51.0,8.0,9.06,RU,1665319787.0
kaeo,-35.1,173.7833,58.32,85.0,65.0,10.56,NZ,1665319534.0
gazli,40.1333,63.45,69.78,17.0,0.0,17.52,UZ,1665319787.0
udachnyy,66.4167,112.4,32.45,86.0,100.0,11.88,RU,1665319788.0
wencheng,33.0559,113.7978,51.87,37.0,13.0,10.02,CN,1665319788.0
beloha,-25.1667,45.05,91.51,28.0,0.0,14.63,MG,1665319788.0
bonfim,3.0833,-59.95,85.95,50.0,14.0,7.07,BR,1665319788.0
boundiali,9.5217,-6.4869,86.7,53.0,91.0,4.34,CI,1665319789.0
port blair,11.6667,92.75,81.23,79.0,100.0,11.14,IN,1665319579.0
comodoro rivadavia,-45.8667,-67.5,51.66,37.0,0.0,24.16,AR,1665319789.0
borujerd,33.8973,48.7516,82.63,11.0,2.0,14.9,IR,1665319789.0
sechura,-5.5569,-80.8222,65.28,78.0,100.0,12.35,PE,1665319789.0
chiman,32.5463,73.8138,82.33,43.0,0.0,1.5,PK,1665319789.0
manaure,11.7751,-72.4445,75.38,89.0,100.0,6.38,CO,1665319790.0
vao,-22.6667,167.4833,73.06,80.0,0.0,23.78,NC,1665319560.0
kruisfontein,-34.0033,24.7314,72.88,51.0,93.0,13.8,ZA,1665319790.0
bambous virieux,-20.3428,57.7575,77.25,57.0,75.0,10.36,MU,1665319491.0
lamar,33.6668,-95.5836,57.36,80.0,40.0,0.0,US,1665319790.0
staryy nadym,65.6118,72.6842,43.21,80.0,100.0,15.12,RU,1665319790.0
auki,-8.7676,160.7034,76.66,86.0,12.0,3.29,SB,1665319790.0
sayansk,54.1088,102.1648,32.5,72.0,62.0,4.14,RU,1665319790.0
bad langensalza,51.1,10.65,66.18,48.0,7.0,8.46,DE,1665319576.0
makaha,21.4694,-158.2175,78.71,78.0,100.0,5.75,US,1665319790.0
grand gaube,-20.0064,57.6608,77.4,55.0,22.0,8.99,MU,1665319790.0
magadan,59.5667,150.8,26.15,83.0,21.0,4.03,RU,1665319791.0
chumikan,54.7183,135.315,32.05,71.0,25.0,11.61,RU,1665319791.0
champerico,14.3,-91.9167,75.74,81.0,100.0,6.71,GT,1665319791.0
waipawa,-41.4122,175.5153,49.68,72.0,0.0,14.94,NZ,1665319562.0
zhangye,38.9342,100.4517,48.88,13.0,0.0,3.44,CN,1665319706.0
khandbari,27.3747,87.2039,69.15,92.0,51.0,0.85,NP,1665319791.0
bilma,18.6853,12.9164,95.45,13.0,99.0,1.45,NE,1665319516.0
crixas,-14.5489,-49.9692,94.46,33.0,44.0,11.56,BR,1665319792.0
rio grande,-32.035,-52.0986,53.71,57.0,48.0,13.27,BR,1665319238.0
flagstaff,35.1981,-111.6513,50.59,93.0,75.0,4.61,US,1665319792.0
la ronge,55.1001,-105.2842,44.82,87.0,75.0,4.61,CA,1665319499.0
yola,9.2,12.4833,90.19,52.0,16.0,4.05,NG,1665319507.0
constantine,36.365,6.6147,78.21,47.0,20.0,14.97,DZ,1665319648.0
itacare,-14.2775,-38.9967,78.89,72.0,100.0,4.5,BR,1665319792.0
ayame,5.6083,-3.1563,87.24,62.0,86.0,0.76,CI,1665319793.0
ivaipora,-24.2478,-51.6847,72.34,64.0,2.0,2.51,BR,1665319793.0
coquimbo,-29.9533,-71.3436,51.53,100.0,100.0,3.44,CL,1665319793.0
lahaina,20.8783,-156.6825,75.81,93.0,100.0,2.8,US,1665319793.0
tomar,39.602,-8.4092,81.18,75.0,100.0,7.74,PT,1665319793.0
saint-louis,16.3333,-15.0,91.04,43.0,100.0,2.71,SN,1665319794.0
altay,47.8667,88.1167,47.93,30.0,8.0,5.91,CN,1665319794.0
lokhvytsya,50.3678,33.2602,61.3,54.0,100.0,5.99,UA,1665319794.0
karratha,-20.7377,116.8463,76.91,58.0,5.0,8.23,AU,1665319543.0
almaznyy,48.0448,40.045,65.39,53.0,100.0,11.68,RU,1665319799.0
xapuri,-10.6517,-68.5044,86.59,52.0,50.0,3.74,BR,1665319799.0
bandarbeyla,9.4942,50.8122,82.24,71.0,0.0,18.03,SO,1665319799.0
saint-joseph,-21.3667,55.6167,73.78,67.0,24.0,10.89,RE,1665319800.0
nsanje,-16.92,35.262,101.3,15.0,0.0,9.28,MW,1665319800.0
jiuquan,39.7432,98.5174,43.39,14.0,74.0,3.51,CN,1665319800.0
aquidauana,-20.4711,-55.7872,82.96,56.0,6.0,5.64,BR,1665319800.0
souillac,-20.5167,57.5167,77.38,57.0,75.0,10.36,MU,1665319532.0
kalabo,-14.97,22.6814,96.53,8.0,0.0,9.73,ZM,1665319800.0
hami,42.8,93.45,56.77,15.0,82.0,0.85,CN,1665319800.0
rio verde de mato grosso,-18.9181,-54.8442,77.94,70.0,100.0,6.78,BR,1665319801.0
zhanakorgan,43.9098,67.2495,60.76,29.0,4.0,14.03,KZ,1665319801.0
khorol,49.7837,33.2783,62.47,53.0,100.0,6.44,UA,1665319801.0
aswan,24.0934,32.907,96.1,18.0,0.0,13.8,EG,1665319301.0
sinnamary,5.3833,-52.95,83.23,76.0,19.0,9.44,GF,1665319531.0
tilichiki,60.4667,166.1,30.97,80.0,25.0,3.22,RU,1665319546.0
salamiyah,35.0113,37.0532,76.6,36.0,0.0,20.76,SY,1665319801.0
rozhyshche,50.9154,25.2691,58.35,71.0,70.0,12.88,UA,1665319801.0
hollins,37.3413,-79.9431,46.44,90.0,0.0,0.0,US,1665319802.0
kurilsk,45.2333,147.8833,48.88,76.0,100.0,8.79,RU,1665319575.0
hun,29.1268,15.9477,82.81,28.0,0.0,5.46,LY,1665319802.0
ometepec,16.6833,-98.4167,67.89,79.0,28.0,4.59,MX,1665319802.0
aras,42.5617,-2.356,72.75,56.0,0.0,5.75,ES,1665319803.0
krasnyy luch,48.1395,38.9371,64.56,55.0,100.0,10.98,UA,1665319804.0
khudumelapye,-23.8833,24.75,95.18,9.0,0.0,10.94,BW,1665319804.0
araouane,18.9048,-3.5265,102.04,13.0,0.0,5.7,ML,1665319804.0
oistins,13.0667,-59.5333,84.29,74.0,40.0,16.11,BB,1665319805.0
dingle,10.9995,122.6711,77.29,86.0,100.0,5.61,PH,1665319548.0
mangrol,21.1167,70.1167,82.98,77.0,55.0,9.13,IN,1665319805.0
energetik,51.7445,58.7934,54.12,54.0,18.0,8.03,RU,1665319806.0
douglas,41.3,-96.167,44.58,88.0,0.0,3.44,US,1665319806.0
muros,42.7762,-9.0603,67.08,81.0,100.0,7.72,ES,1665319806.0
hearst,49.6835,-83.6665,34.05,90.0,79.0,7.23,CA,1665319807.0
oga,46.4631,10.347,54.81,92.0,100.0,4.07,IT,1665319807.0
akdepe,42.0551,59.3788,69.89,22.0,0.0,13.65,TM,1665319807.0
kolosovka,56.4678,73.611,46.81,79.0,99.0,11.7,RU,1665319807.0
baykit,61.67,96.37,37.76,96.0,100.0,1.32,RU,1665319808.0
mandera,3.9366,41.867,92.07,30.0,90.0,12.66,KE,1665319808.0
gua,22.2,85.3833,74.75,92.0,79.0,4.16,IN,1665319808.0
cururupu,-1.8283,-44.8683,86.36,60.0,99.0,8.55,BR,1665319808.0
sabha,27.0377,14.4283,84.29,22.0,0.0,4.76,LY,1665319808.0
betong,5.7743,101.0723,72.48,94.0,100.0,1.1,TH,1665319808.0
neosho,36.869,-94.368,55.0,72.0,22.0,5.55,US,1665319809.0
laguna,38.421,-121.4238,67.32,83.0,0.0,3.44,US,1665319506.0
scarborough,54.2797,-0.4044,59.79,70.0,9.0,5.99,GB,1665319809.0
sainte-suzanne,-20.9061,55.6089,77.18,63.0,8.0,21.85,RE,1665319809.0
linxi,39.7,118.4333,46.74,47.0,6.0,3.89,CN,1665319809.0
touros,-5.1989,-35.4608,84.13,68.0,89.0,17.47,BR,1665319541.0
menongue,-14.6585,17.691,94.86,8.0,0.0,8.99,AO,1665319814.0
itoman,26.1247,127.6694,79.57,75.0,20.0,18.41,JP,1665319814.0
mana,5.6592,-53.7767,84.42,71.0,16.0,11.45,GF,1665319559.0
sorong,-0.8833,131.25,82.04,78.0,100.0,6.55,ID,1665319815.0
puerto cabezas,14.0351,-83.3888,75.16,100.0,75.0,11.5,NI,1665319815.0
marawi,7.9986,124.2928,70.5,95.0,100.0,0.69,PH,1665319815.0
andros town,24.7,-77.7667,80.56,67.0,95.0,12.68,BS,1665319815.0
usoke,-5.1667,32.35,90.39,17.0,100.0,3.65,TZ,1665319815.0
omboue,-1.5746,9.2618,81.41,74.0,92.0,10.31,GA,1665319816.0
montecristo,8.2971,-74.4733,77.05,95.0,100.0,0.45,CO,1665319816.0
san ramon de la nueva oran,-23.1322,-64.326,66.42,12.0,30.0,6.31,AR,1665319816.0
kataysk,56.289,62.5841,49.62,70.0,100.0,10.33,RU,1665319816.0
mgandu,-5.95,34.1333,83.41,22.0,93.0,8.99,TZ,1665319816.0
grants,35.1473,-107.8514,46.63,93.0,100.0,4.61,US,1665319816.0
blagoyevo,63.3667,47.9167,48.96,84.0,100.0,8.63,RU,1665319816.0
ambon,-3.6954,128.1814,78.94,94.0,40.0,8.05,ID,1665319817.0
cerritos,33.8583,-118.0648,69.76,89.0,100.0,1.99,US,1665319817.0
urambo,-5.0667,32.05,91.04,17.0,100.0,3.22,TZ,1665319817.0
independence,39.0911,-94.4155,50.95,67.0,0.0,6.91,US,1665319817.0
dasoguz,41.8363,59.9666,69.75,24.0,0.0,16.11,TM,1665319818.0
coolum beach,-26.5333,153.1,70.11,90.0,100.0,9.64,AU,1665319560.0
bansi,27.1833,82.9333,81.23,76.0,94.0,3.38,IN,1665319818.0
tandalti,13.0167,31.8667,91.35,39.0,7.0,6.76,SD,1665319818.0
puro,12.4841,123.3827,81.36,79.0,54.0,6.13,PH,1665319818.0
lorengau,-2.0226,147.2712,81.61,70.0,81.0,10.96,PG,1665319533.0
bereda,43.2686,-7.5406,78.42,66.0,99.0,7.09,ES,1665319818.0
qaqortoq,60.7167,-46.0333,33.12,55.0,100.0,8.25,GL,1665319818.0
dvinskoy,62.1535,45.1175,49.73,86.0,100.0,7.47,RU,1665319819.0
pangody,65.85,74.4859,41.99,82.0,99.0,13.94,RU,1665319819.0
liancheng,24.0519,105.075,53.4,89.0,100.0,6.58,CN,1665319819.0
marsh harbour,26.5412,-77.0636,81.63,76.0,99.0,11.74,BS,1665319819.0
bila krynytsya,50.6398,29.4704,53.71,88.0,100.0,8.3,UA,1665319819.0
frutal,-20.0247,-48.9406,84.22,47.0,79.0,5.5,BR,1665319820.0
port keats,-14.25,129.55,83.86,71.0,73.0,1.88,AU,1665319820.0
